sales_id,date,time,shopping_cart,price,parcel_size,Customer_lat,Customer_long,isLoyaltyProgram,nearest_storehouse_id,nearest_storehouse,dist_to_nearest_storehouse,delivery_cost,season
ORD0056483,26/10/2020,14:51:48,"[('bed', 1), ('side_table', 4), ('Chair', 3), ('wardrobe', 1)]",1131.24,small,-37.81038,145.34151,1,4,Sunshine,37.69,5.8995000000000015,4.0
ORD0061499,28/01/2020,22:41:13,"[('wardrobe', 4), ('sofa', 1), ('bed', 3), ('Chair', 4), ('mattress', 3), ('Dining_table', 1)]",4492.62,medium,-38.23968,145.96626,0,4,Sunshine,103.75,5.8365,1.0
ORD0044834,25/02/2018,02:17:54,"[('Dining_table', 1), ('mattress', 4), ('side_table', 4), ('Study_table', 3), ('Chair', 3), ('bed', 2)]",3441.21,medium,-37.74527,144.60123000000002,0,2,Footscray,35.37,17.10317459324191,1.0
ORD0072042,22/08/2019,12:26:06,"[('Chair', 1), ('wardrobe', 3), ('sofa', 4)]",2292.92,small,-37.8139,145.26227,1,4,Sunshine,30.73,6.477429172192764,3.0
ORD0052226,12/05/2018,09:57:40,"[('Dining_table', 1), ('side_table', 3), ('Study_table', 3), ('wardrobe', 1), ('Chair', 4)]",1114.1,medium,-37.664640000000006,144.51686999999998,0,2,Footscray,45.06,17.51732551683528,2.0
ORD0045574,17/11/2019,06:17:55,"[('side_table', 2), ('sofa', 1), ('wardrobe', 1), ('mattress', 4), ('Dining_table', 3), ('Chair', 4)]",3291.23,medium,-38.10389,144.56349,1,2,Footscray,50.01,18.41207674019107,4.0
ORD0098953,26/10/2021,06:47:10,"[('Study_table', 3), ('Chair', 4), ('mattress', 3), ('side_table', 4), ('Dining_table', 3), ('wardrobe', 3), ('sofa', 1)]",3699.83,large,-37.84841,144.57013,0,2,Footscray,37.58,18.469316223613184,4.0
ORD0023986,27/10/2021,21:13:36,"[('mattress', 3), ('wardrobe', 3), ('sofa', 3), ('Chair', 3), ('bed', 2), ('side_table', 3)]",4458.85,medium,-38.22184,145.11802,1,4,Sunshine,48.84,6.4935,4.0
ORD0069547,27/12/2018,14:06:17,"[('mattress', 4), ('wardrobe', 3), ('Dining_table', 3), ('sofa', 2)]",3737.86,small,-38.45084,145.24685,0,4,Sunshine,76.67,5.8005,1.0
ORD0033910,22/04/2021,16:37:47,"[('sofa', 1), ('Dining_table', 4), ('mattress', 1), ('bed', 3), ('Study_table', 2), ('wardrobe', 4), ('Chair', 2)]",3844.66,large,-37.69931,146.08483999999999,0,4,Sunshine,103.84,6.9345,2.0
ORD0060203,23/07/2021,07:46:18,"[('sofa', 4), ('Study_table', 4), ('bed', 1), ('mattress', 1)]",2498.95,small,-37.57423,145.46077,0,4,Sunshine,55.09,5.5665,3.0
ORD0018910,13/09/2018,05:38:27,"[('Study_table', 2), ('wardrobe', 3), ('side_table', 2), ('Dining_table', 3), ('bed', 2), ('Chair', 1), ('sofa', 4)]",3629.32,large,-37.91292,145.04838999999998,1,4,Sunshine,16.26,5.8815,4.0
ORD0091432,04/01/2021,03:55:15,"[('bed', 1), ('side_table', 3), ('Dining_table', 1), ('mattress', 3), ('Study_table', 3), ('wardrobe', 3), ('Chair', 2), ('sofa', 4)]",4652.75,large,-38.04721,145.03766000000002,0,4,Sunshine,28.21,5.4045000000000005,1.0
ORD0086692,29/03/2019,03:25:22,"[('wardrobe', 4), ('Study_table', 3), ('mattress', 2)]",2285.87,small,-37.67579,145.98989,0,4,Sunshine,95.96,6.2685,2.0
ORD0017132,23/03/2020,17:01:25,"[('bed', 3), ('Study_table', 1), ('sofa', 2)]",1896.73,small,-37.7096,145.02868999999998,0,4,Sunshine,15.42,6.7635,2.0
ORD0004804,23/08/2021,01:22:47,"[('bed', 2), ('wardrobe', 2), ('side_table', 4), ('Chair', 1), ('sofa', 4), ('mattress', 1)]",3445.75,medium,-38.03976,145.92994,1,4,Sunshine,92.72,6.0975,3.0
ORD0019174,05/02/2020,16:37:35,"[('mattress', 3), ('Dining_table', 4), ('bed', 3), ('Study_table', 1)]",3069.32,small,-37.470459999999996,145.3072,1,4,Sunshine,51.6,7.0065,1.0
ORD0088736,11/02/2020,15:34:43,"[('side_table', 1), ('Study_table', 3), ('sofa', 3), ('bed', 1), ('Dining_table', 4), ('mattress', 4), ('wardrobe', 1)]",4270.91,large,-38.278259999999996,144.47343,0,2,Footscray,69.28,17.1765,1.0
ORD0084108,27/11/2019,20:40:20,"[('wardrobe', 4), ('bed', 1), ('side_table', 1)]",1559.55,small,-38.02028,145.68327,1,4,Sunshine,71.42,6.6645,4.0
ORD0076181,14/06/2018,10:11:57,"[('sofa', 1), ('Dining_table', 4), ('side_table', 4)]",977.53,small,-37.85216,145.48322,1,4,Sunshine,50.31,6.0525,3.0
ORD0089859,19/01/2018,02:29:39,"[('wardrobe', 3), ('Study_table', 2), ('mattress', 2), ('Chair', 4), ('Dining_table', 2), ('side_table', 2), ('bed', 2)]",3371.62,large,-37.54792,144.68265,1,2,Footscray,40.07,17.4465,1.0
ORD0004086,28/11/2020,02:21:45,"[('wardrobe', 2), ('mattress', 2), ('Dining_table', 4), ('Chair', 2)]",2122.7,small,-38.37335,144.67735,1,2,Footscray,68.54,17.896500000000007,4.0
ORD0098945,30/12/2020,14:12:10,"[('Study_table', 2), ('mattress', 1), ('wardrobe', 3), ('Chair', 2), ('bed', 3)]",2785.01,medium,-37.63903,145.67086,1,4,Sunshine,69.46,6.376500000000001,1.0
ORD0098044,04/02/2018,09:16:18,"[('side_table', 3), ('Chair', 2), ('sofa', 4), ('mattress', 1), ('Dining_table', 1), ('bed', 2)]",3030.72,medium,-37.42771,145.36775,0,4,Sunshine,58.72,5.4765000000000015,1.0
ORD0004070,08/08/2020,20:09:47,"[('Dining_table', 3), ('Study_table', 2), ('wardrobe', 1), ('mattress', 1), ('sofa', 2)]",1904.67,medium,-37.556340000000006,145.08957,0,4,Sunshine,32.56,5.7375,3.0
ORD0041850,06/01/2019,13:10:45,"[('wardrobe', 1), ('Chair', 4), ('sofa', 4), ('side_table', 1), ('Dining_table', 1), ('mattress', 3), ('Study_table', 3)]",3785.49,large,-37.541109999999996,145.42978,0,4,Sunshine,54.68,6.9975000000000005,1.0
ORD0046039,08/09/2021,05:15:22,"[('side_table', 2), ('bed', 3), ('mattress', 1), ('Study_table', 1), ('sofa', 1), ('Chair', 4), ('wardrobe', 1)]",2766.97,large,-37.4022,144.84589,1,3,St. Kilda,47.58,27.2889,4.0
ORD0017642,12/12/2018,22:42:33,"[('sofa', 1), ('wardrobe', 1), ('bed', 3), ('Chair', 4), ('Dining_table', 1), ('side_table', 2)]",2333.43,medium,-37.75793,145.59645,1,4,Sunshine,60.42,5.3505,1.0
ORD0084180,15/11/2018,08:29:23,"[('Dining_table', 4), ('sofa', 2), ('side_table', 2), ('Study_table', 2), ('Chair', 2)]",1539.5,medium,-37.92823,144.9521,1,2,Footscray,13.68,18.4905,4.0
ORD0080799,27/12/2021,19:54:22,"[('Dining_table', 2), ('bed', 4), ('wardrobe', 3), ('mattress', 3)]",4005.89,small,-37.69415,144.74405,0,2,Footscray,25.57,16.9875,1.0
ORD0053516,28/05/2021,10:55:50,"[('Chair', 2), ('Study_table', 2), ('Dining_table', 4), ('wardrobe', 1)]",1042.54,small,-37.665440000000004,144.95287,0,0,Clayton,17.09,18.072000000000006,2.0
ORD0074388,08/03/2018,11:31:44,"[('side_table', 4), ('Dining_table', 2), ('Chair', 2), ('bed', 3), ('Study_table', 4), ('sofa', 1), ('mattress', 1)]",2841.64,large,-37.42163,145.10103999999998,0,4,Sunshine,46.63,6.308553060022711,2.0
ORD0060375,21/03/2019,06:28:46,"[('Study_table', 1), ('sofa', 3), ('mattress', 2), ('bed', 4), ('side_table', 1)]",3610.31,medium,-37.58532,145.83883,1,4,Sunshine,85.36,6.6735,2.0
ORD0046107,13/06/2019,02:45:56,"[('mattress', 2), ('wardrobe', 1), ('bed', 3)]",2369.9,small,-38.1325,145.75466,1,4,Sunshine,81.9,6.6465,3.0
ORD0051622,06/09/2020,01:31:01,"[('bed', 1), ('sofa', 4), ('Study_table', 2), ('Chair', 2), ('mattress', 4)]",3946.7,medium,-37.722809999999996,145.29655,0,4,Sunshine,35.23,5.9985,4.0
ORD0004591,02/07/2021,20:13:23,"[('wardrobe', 1), ('Chair', 2), ('bed', 3), ('Dining_table', 4), ('mattress', 3), ('Study_table', 4)]",3745.61,medium,-38.084720000000004,145.84468,0,4,Sunshine,87.12,7.204500000000001,3.0
ORD0053081,26/09/2020,12:40:13,"[('mattress', 2), ('Dining_table', 3), ('Chair', 1), ('side_table', 3), ('sofa', 2), ('Study_table', 2)]",2332.91,medium,-38.28883,144.93966,1,2,Footscray,53.47,17.617500000000003,4.0
ORD0023736,04/12/2018,20:31:43,"[('bed', 3), ('Chair', 1), ('wardrobe', 2), ('sofa', 1), ('side_table', 3), ('Study_table', 1)]",2360.13,medium,-38.46312,146.13952,1,4,Sunshine,129.36,6.232500000000001,1.0
ORD0010232,22/10/2019,20:14:20,"[('side_table', 4), ('bed', 3), ('sofa', 1)]",1685.05,small,-37.89883,145.77337,0,4,Sunshine,76.17,7.276500000000001,4.0
ORD0077162,11/03/2019,14:27:51,"[('side_table', 4), ('mattress', 3), ('Dining_table', 1), ('bed', 1), ('Chair', 4), ('wardrobe', 1), ('sofa', 4)]",4101.29,large,-37.43434,145.31975,1,4,Sunshine,55.35,5.7555,2.0
ORD0086584,01/07/2019,13:03:12,"[('Chair', 2), ('wardrobe', 2), ('bed', 4)]",2269.92,small,-38.47935,145.44736,0,4,Sunshine,87.57,6.538500000000001,3.0
ORD0030210,24/12/2019,11:49:18,"[('wardrobe', 4), ('Chair', 2), ('side_table', 1), ('sofa', 3), ('Study_table', 2), ('Dining_table', 3), ('mattress', 1)]",3318.27,large,-38.06981,145.49535,0,4,Sunshine,58.52,5.8275000000000015,1.0
ORD0089747,06/08/2019,21:32:47,"[('Dining_table', 3), ('Chair', 2), ('Study_table', 3), ('mattress', 2)]",1665.27,small,-37.593990000000005,146.12474,1,4,Sunshine,109.4,6.1065000000000005,3.0
ORD0033785,13/10/2021,06:19:41,"[('mattress', 3), ('wardrobe', 4), ('Study_table', 1), ('sofa', 3), ('bed', 3), ('Dining_table', 4)]",5215.47,medium,-37.756040000000006,144.85403,1,2,Footscray,13.78,18.634500000000006,4.0
ORD0097276,27/08/2018,23:27:17,"[('Chair', 3), ('Dining_table', 1), ('sofa', 2), ('mattress', 2), ('wardrobe', 1), ('side_table', 1)]",2330.23,medium,-38.08065,144.85718,1,2,Footscray,32.44,17.113500000000002,3.0
ORD0058365,03/02/2019,16:00:38,"[('wardrobe', 1), ('Chair', 1), ('side_table', 1), ('sofa', 3), ('mattress', 2), ('Dining_table', 1)]",2491.32,medium,-37.96765,144.8448,0,2,Footscray,21.95,17.4465,1.0
ORD0076714,21/02/2019,09:38:50,"[('Dining_table', 3), ('mattress', 3), ('sofa', 1), ('side_table', 4), ('bed', 2), ('wardrobe', 3), ('Study_table', 2), ('Chair', 1)]",4124.08,large,-37.45433,144.91717,1,0,Clayton,40.77,14.724,1.0
ORD0033592,28/10/2018,03:28:41,"[('mattress', 4), ('wardrobe', 1), ('Chair', 4), ('Study_table', 4)]",2811.12,small,-37.65442,144.73165,0,2,Footscray,28.92,17.959500000000006,4.0
ORD0068514,30/07/2019,08:22:18,"[('bed', 1), ('Dining_table', 2), ('mattress', 1), ('Chair', 2), ('sofa', 2)]",1929.53,medium,-38.4897,145.49808000000002,1,4,Sunshine,90.97,6.0795,3.0
ORD0088040,13/05/2021,09:56:40,"[('Dining_table', 4), ('Chair', 1), ('Study_table', 1), ('side_table', 1), ('wardrobe', 3), ('bed', 1)]",1877.06,medium,-37.77258,144.52777,1,2,Footscray,41.29,18.1935,2.0
ORD0075904,29/01/2019,16:08:12,"[('bed', 4), ('side_table', 4), ('wardrobe', 3), ('Study_table', 1)]",2645.23,small,-37.553290000000004,145.52011000000002,1,4,Sunshine,60.8,6.139174535558421,1.0
ORD0098387,03/11/2021,05:59:19,"[('bed', 4), ('Dining_table', 1), ('Study_table', 2), ('side_table', 1), ('mattress', 4), ('sofa', 1), ('Chair', 4)]",4411.9,large,-38.42807,145.83511000000001,1,4,Sunshine,105.75,5.8905,4.0
ORD0096927,21/12/2018,20:43:40,"[('Dining_table', 3), ('wardrobe', 3), ('side_table', 1), ('Study_table', 3)]",1440.36,small,-38.25076,146.10163,1,4,Sunshine,114.94,6.4125000000000005,1.0
ORD0063314,26/06/2019,15:06:13,"[('wardrobe', 1), ('side_table', 1), ('Chair', 3), ('Dining_table', 4), ('bed', 4), ('mattress', 3), ('Study_table', 1)]",4050.71,large,-37.770509999999994,145.67068,0,4,Sunshine,66.79,6.6645,3.0
ORD0014116,01/10/2019,22:28:48,"[('mattress', 4), ('wardrobe', 1), ('sofa', 4), ('bed', 3)]",4670.08,small,-38.18383,145.31703000000002,0,4,Sunshine,54.33,6.8535,4.0
ORD0008564,25/07/2020,15:27:50,"[('Study_table', 2), ('wardrobe', 3), ('mattress', 2), ('bed', 3), ('sofa', 1)]",3417.21,medium,-38.474470000000004,144.59859,1,2,Footscray,81.62,17.320500000000006,3.0
ORD0048448,27/06/2018,15:48:19,"[('bed', 2), ('side_table', 1), ('sofa', 2), ('mattress', 4), ('Study_table', 2), ('Dining_table', 4), ('Chair', 3), ('wardrobe', 2)]",4790.87,large,-38.352909999999994,145.45333,0,4,Sunshine,76.41,6.9525000000000015,3.0
ORD0069872,10/05/2018,21:33:16,"[('Study_table', 1), ('Dining_table', 4), ('sofa', 1), ('Chair', 3), ('wardrobe', 1), ('mattress', 3), ('bed', 4)]",4340.25,large,-37.90597,145.96605,1,4,Sunshine,93.06,6.9345,2.0
ORD0073889,21/09/2021,16:18:38,"[('sofa', 3), ('Study_table', 1), ('Chair', 4)]",1447.26,small,-37.87339,145.47044,1,4,Sunshine,49.44,7.0335,4.0
ORD0067434,23/11/2021,21:58:08,"[('Dining_table', 4), ('wardrobe', 3), ('sofa', 3), ('bed', 1), ('Study_table', 1)]",2756.38,medium,-37.77901,144.75887,0,2,Footscray,21.05,18.0405,4.0
ORD0045925,17/06/2021,22:20:12,"[('wardrobe', 4), ('sofa', 1), ('mattress', 1), ('Chair', 3), ('Study_table', 2), ('bed', 3)]",3495.62,medium,-37.888490000000004,145.68374,1,4,Sunshine,68.23,6.6735,3.0
ORD0029303,31/03/2020,04:43:38,"[('Study_table', 2), ('Dining_table', 3), ('sofa', 1), ('mattress', 1)]",1283.26,small,-37.71542,145.88648,0,4,Sunshine,86.31,5.7285,2.0
ORD0029402,03/06/2018,18:16:21,"[('Dining_table', 4), ('sofa', 1), ('wardrobe', 1), ('bed', 2), ('side_table', 1), ('mattress', 4), ('Study_table', 3)]",3973.85,large,-37.48896,145.67691000000002,1,4,Sunshine,76.36,7.1775,3.0
ORD0024366,20/12/2018,19:43:37,"[('Chair', 4), ('mattress', 1), ('sofa', 3), ('Study_table', 1), ('bed', 3), ('wardrobe', 1), ('Dining_table', 2), ('side_table', 2)]",3665.07,large,-37.583909999999996,144.53382,1,2,Footscray,47.75,16.1865,1.0
ORD0005770,05/09/2019,01:26:24,"[('side_table', 3), ('bed', 3), ('wardrobe', 2)]",1859.45,small,-37.61087,145.4141,1,4,Sunshine,49.54,6.8265,4.0
ORD0071056,05/03/2020,16:40:17,"[('Dining_table', 4), ('Chair', 2), ('side_table', 2), ('wardrobe', 4), ('sofa', 1), ('mattress', 1), ('bed', 2)]",3418.66,large,-38.17648,146.13295,0,4,Sunshine,114.31,6.6465,2.0
ORD0007378,24/04/2019,05:43:18,"[('mattress', 2), ('Dining_table', 1), ('side_table', 1)]",1101.73,small,-38.3135,146.14258,1,4,Sunshine,121.19,7.1865,2.0
ORD0031717,03/06/2018,03:00:01,"[('bed', 4), ('wardrobe', 3), ('mattress', 3), ('Dining_table', 2), ('Chair', 3), ('sofa', 4), ('Study_table', 2)]",5775.43,large,-37.60606,144.80393999999998,0,2,Footscray,28.24,18.274500000000003,3.0
ORD0062359,26/09/2018,18:05:54,"[('Study_table', 1), ('mattress', 2), ('wardrobe', 2), ('Dining_table', 3), ('sofa', 4), ('Chair', 2), ('bed', 1)]",3825.01,large,-38.23509,145.45651,1,4,Sunshine,66.85,7.1595,4.0
ORD0022734,24/08/2018,10:10:37,"[('Study_table', 2), ('side_table', 1), ('Chair', 2), ('Dining_table', 2), ('mattress', 1), ('sofa', 4), ('wardrobe', 3)]",3266.28,large,-38.05638,146.05525,0,4,Sunshine,103.79,6.3405000000000005,3.0
ORD0063553,07/04/2021,22:11:59,"[('Dining_table', 3), ('side_table', 2), ('bed', 1), ('sofa', 3), ('mattress', 3), ('Study_table', 2)]",3386.28,medium,-37.578359999999996,146.02676,1,4,Sunshine,101.46,6.322500000000002,2.0
ORD0066397,25/07/2020,21:45:11,"[('mattress', 1), ('bed', 3), ('sofa', 1), ('Chair', 2), ('Study_table', 2), ('side_table', 3), ('Dining_table', 2)]",2647.71,large,-37.88812,145.03723,1,4,Sunshine,13.74,6.0525,3.0
ORD0074934,07/12/2019,08:22:25,"[('wardrobe', 4), ('mattress', 4), ('sofa', 1)]",3351.61,small,-37.50926,145.97808,0,4,Sunshine,99.71,6.9255,1.0
ORD0012869,11/05/2019,20:16:13,"[('mattress', 1), ('wardrobe', 2), ('bed', 4)]",2562.63,small,-38.097770000000004,144.63826,1,2,Footscray,44.76,18.2565,2.0
ORD0024641,17/10/2021,19:20:16,"[('mattress', 2), ('bed', 3), ('side_table', 1), ('Dining_table', 2), ('wardrobe', 1)]",2638.97,medium,-37.84402,145.97386,0,4,Sunshine,93.28,6.1695,4.0
ORD0010277,08/11/2018,08:33:08,"[('sofa', 4), ('Dining_table', 3), ('wardrobe', 4), ('Chair', 4), ('mattress', 1), ('bed', 4), ('side_table', 4)]",5369.71,large,-37.84543,145.74829,0,4,Sunshine,73.49,5.9985,4.0
ORD0022307,13/04/2018,22:07:58,"[('mattress', 1), ('sofa', 1), ('side_table', 4), ('Dining_table', 3)]",1339.08,small,-37.52118,145.96215,1,4,Sunshine,97.94,6.1155,2.0
ORD0026211,19/01/2019,02:26:17,"[('Dining_table', 3), ('sofa', 2), ('Chair', 1), ('bed', 4)]",2624.54,small,-37.41216,146.08758999999998,1,4,Sunshine,112.72,5.2875000000000005,1.0
ORD0097584,09/10/2019,11:25:28,"[('bed', 1), ('Dining_table', 4), ('sofa', 3), ('Chair', 4), ('mattress', 3)]",3608.76,medium,-37.71073,145.12814,1,4,Sunshine,22.13,6.7275,4.0
ORD0078504,24/04/2018,14:49:53,"[('bed', 1), ('Chair', 2), ('side_table', 3)]",710.17,small,-37.409909999999996,144.6312,0,2,Footscray,54.84,18.6075,2.0
ORD0065589,24/06/2018,05:04:59,"[('bed', 1), ('mattress', 1), ('wardrobe', 2), ('Study_table', 2), ('Chair', 3)]",1828.45,medium,-38.14548,145.59661,1,4,Sunshine,70.41,6.8625,3.0
ORD0061929,18/07/2021,02:39:08,"[('Dining_table', 1), ('mattress', 3), ('sofa', 1)]",1862.38,small,-37.58188,145.9126,1,4,Sunshine,91.68,6.0705,3.0
ORD0043972,01/11/2018,13:25:41,"[('Dining_table', 3), ('sofa', 2), ('Study_table', 4), ('Chair', 4), ('side_table', 1), ('wardrobe', 1), ('bed', 2), ('mattress', 2)]",3690.35,large,-37.71918,144.75519,0,2,Footscray,23.39,18.571500000000004,4.0
ORD0074520,15/12/2020,11:55:16,"[('mattress', 1), ('Dining_table', 3), ('wardrobe', 4)]",1927.47,small,-37.65672,144.64578999999998,0,2,Footscray,35.14,16.564500000000002,1.0
ORD0067068,08/04/2019,12:15:21,"[('Study_table', 1), ('Dining_table', 2), ('bed', 2), ('side_table', 3), ('mattress', 4)]",3089.24,medium,-37.611990000000006,144.95865,1,0,Clayton,22.99,16.389000000000006,2.0
ORD0020325,21/11/2018,11:58:20,"[('Chair', 3), ('Study_table', 4), ('side_table', 2)]",655.46,small,-37.55233,145.02942,1,4,Sunshine,30.81,6.3135,4.0
ORD0087800,08/05/2018,00:39:22,"[('Dining_table', 2), ('Study_table', 2), ('sofa', 4), ('wardrobe', 3), ('Chair', 1), ('side_table', 3), ('mattress', 2)]",3748.09,large,-37.56068,145.80684,1,4,Sunshine,83.57,7.4655,2.0
ORD0060698,20/08/2021,12:55:18,"[('Chair', 4), ('Dining_table', 2), ('sofa', 4), ('Study_table', 1)]",2005.87,small,-38.22814,145.50763,1,4,Sunshine,69.6,5.9895000000000005,3.0
ORD0093917,21/10/2020,06:04:39,"[('mattress', 4), ('Chair', 1), ('sofa', 4)]",3331.6,small,-38.16232,145.62832,1,4,Sunshine,73.75,6.9075000000000015,4.0
ORD0068466,12/07/2021,01:17:13,"[('side_table', 1), ('Dining_table', 2), ('Chair', 1), ('bed', 3), ('Study_table', 4), ('wardrobe', 1), ('mattress', 3)]",3487.24,large,-37.722970000000004,145.22921000000002,1,4,Sunshine,29.6,6.1515,3.0
ORD0009468,20/12/2018,07:51:03,"[('sofa', 2), ('Study_table', 1), ('Dining_table', 4), ('side_table', 2), ('Chair', 4)]",1645.91,medium,-37.86445,146.06654,1,4,Sunshine,101.5,6.1785000000000005,1.0
ORD0042871,06/04/2020,19:22:53,"[('Study_table', 4), ('mattress', 4), ('Chair', 2), ('wardrobe', 2), ('side_table', 4), ('bed', 3), ('sofa', 1), ('Dining_table', 3)]",4928.37,large,-38.272420000000004,145.60262,0,4,Sunshine,79.1,6.5025,2.0
ORD0068875,04/11/2021,23:15:24,"[('mattress', 3), ('wardrobe', 3), ('Dining_table', 2)]",2478.21,small,-37.605290000000004,146.08293,1,4,Sunshine,105.53,6.5205,4.0
ORD0045223,21/11/2019,08:08:48,"[('Dining_table', 2), ('side_table', 4), ('mattress', 2), ('wardrobe', 2), ('sofa', 1), ('bed', 3)]",3410.23,medium,-38.27255,145.6256,0,4,Sunshine,80.65,6.322500000000002,4.0
ORD0098834,16/09/2019,00:50:25,"[('sofa', 3), ('Dining_table', 4), ('mattress', 1), ('wardrobe', 4), ('bed', 1), ('Chair', 1), ('side_table', 1)]",3576.57,large,-38.34257,146.18072,0,4,Sunshine,125.63,6.678482904132481,4.0
ORD0055701,03/03/2019,22:55:32,"[('Dining_table', 4), ('sofa', 2), ('Study_table', 1), ('side_table', 3), ('bed', 4)]",2866.74,medium,-37.5372,145.01596999999998,0,4,Sunshine,32.04,7.2315,2.0
ORD0009977,11/10/2021,16:37:09,"[('mattress', 4), ('bed', 3), ('Study_table', 4)]",3318.16,small,-37.828,145.44193,0,4,Sunshine,46.53,6.5205,4.0
ORD0051641,20/02/2018,08:38:05,"[('Study_table', 4), ('wardrobe', 1), ('Dining_table', 4), ('Chair', 2), ('sofa', 2)]",1865.5,medium,-37.89208,145.55181000000002,1,4,Sunshine,56.81,6.138015792752636,1.0
ORD0075594,27/04/2018,23:35:29,"[('sofa', 3), ('Dining_table', 1), ('wardrobe', 2)]",1691.87,small,-37.93012,144.72696000000002,1,2,Footscray,27.07,18.8505,2.0
ORD0094625,08/02/2018,03:40:29,"[('Study_table', 4), ('sofa', 3), ('Chair', 1), ('Dining_table', 2), ('wardrobe', 1), ('bed', 3)]",3042.43,medium,-37.68002,145.5631,0,4,Sunshine,59.1,6.637500000000001,1.0
ORD0068919,17/05/2019,04:42:01,"[('bed', 3), ('mattress', 3), ('Study_table', 2), ('Chair', 3)]",2970.67,small,-38.29873,145.65618999999998,0,4,Sunshine,84.56,6.7455,2.0
ORD0052327,20/12/2020,22:21:42,"[('Study_table', 2), ('mattress', 3), ('sofa', 2), ('side_table', 4)]",2436.09,small,-38.094440000000006,144.57303000000002,1,2,Footscray,48.69,16.7085,1.0
ORD0074336,16/03/2018,08:07:35,"[('Study_table', 4), ('mattress', 2), ('sofa', 1), ('wardrobe', 2)]",2133.51,small,-38.26867,145.22176000000002,1,4,Sunshine,57.4,6.311680794363138,2.0
ORD0047035,14/05/2019,11:34:51,"[('Chair', 2), ('mattress', 4), ('Study_table', 4), ('sofa', 3), ('bed', 1)]",3751.19,medium,-38.20178,144.74493999999999,1,2,Footscray,48.77,17.7345,2.0
ORD0086094,12/07/2019,07:28:23,"[('wardrobe', 1), ('Chair', 2), ('Dining_table', 4), ('mattress', 3), ('sofa', 2), ('side_table', 1)]",3040.82,medium,-37.94404,146.11796,1,4,Sunshine,106.79,6.9345,3.0
ORD0044793,23/09/2021,01:31:08,"[('mattress', 2), ('Study_table', 3), ('side_table', 3), ('bed', 2), ('wardrobe', 3), ('Chair', 1), ('Dining_table', 4), ('sofa', 2)]",4124.06,large,-37.65415,144.94672,0,0,Clayton,18.4,17.514,4.0
ORD0013890,19/10/2019,19:46:28,"[('Chair', 4), ('side_table', 1), ('wardrobe', 1), ('Dining_table', 2), ('mattress', 3), ('sofa', 3), ('Study_table', 1)]",3411.58,large,-38.40515,144.51776,1,2,Footscray,78.26,18.427500000000013,4.0
ORD0049526,05/03/2018,20:42:28,"[('bed', 1), ('Dining_table', 1), ('side_table', 3), ('mattress', 1), ('Chair', 3), ('wardrobe', 4), ('sofa', 3)]",3526.19,large,-38.22572,144.82109,0,2,Footscray,48.68,18.0135,2.0
ORD0017326,20/02/2020,03:59:48,"[('Study_table', 2), ('mattress', 1), ('bed', 1), ('Dining_table', 4), ('Chair', 2)]",1613.65,medium,-37.556309999999996,144.50465,0,2,Footscray,51.57,16.375500000000002,1.0
ORD0044823,03/12/2019,14:04:52,"[('Chair', 2), ('wardrobe', 3), ('sofa', 4), ('Dining_table', 1), ('bed', 3), ('side_table', 2), ('Study_table', 4)]",4025.3,large,-37.4556,144.85293000000001,0,3,St. Kilda,41.69,25.3629,1.0
ORD0049666,23/02/2018,17:01:04,"[('Study_table', 1), ('mattress', 2), ('Chair', 4)]",1371.01,small,-38.23233,144.49906000000001,1,2,Footscray,63.99,16.1685,1.0
ORD0040499,09/01/2019,04:36:27,"[('Chair', 1), ('bed', 4), ('mattress', 2), ('Study_table', 1)]",2631.09,small,-38.08015,144.96978000000001,1,2,Footscray,30.12,16.8705,1.0
ORD0008553,05/04/2019,19:28:03,"[('wardrobe', 1), ('side_table', 3), ('sofa', 3), ('Study_table', 2), ('Chair', 3), ('Dining_table', 3), ('mattress', 3)]",3603.83,large,-38.39476,144.89578999999998,0,2,Footscray,65.6,17.9685,2.0
ORD0020028,15/03/2021,02:56:54,"[('bed', 2), ('Dining_table', 4), ('mattress', 1), ('wardrobe', 1), ('Chair', 1), ('sofa', 3), ('side_table', 1), ('Study_table', 2)]",3256.71,large,-38.11489,146.10911000000002,0,4,Sunshine,110.12,6.9615,2.0
ORD0002795,31/12/2021,13:25:08,"[('mattress', 2), ('Dining_table', 4), ('wardrobe', 2), ('Study_table', 3), ('side_table', 3), ('sofa', 3), ('Chair', 4), ('bed', 1)]",4067.31,large,-37.66698,145.32577,0,4,Sunshine,39.82,5.5395,1.0
ORD0045071,05/03/2018,08:54:18,"[('Study_table', 1), ('Dining_table', 2), ('bed', 3), ('wardrobe', 2)]",2000.71,small,-38.12018,145.06171,0,4,Sunshine,36.52,7.1955,2.0
ORD0042308,07/07/2020,13:05:14,"[('sofa', 3), ('bed', 1), ('side_table', 2), ('wardrobe', 1), ('mattress', 1), ('Dining_table', 1)]",2362.88,medium,-38.44233,145.58212,1,4,Sunshine,91.21,6.1785000000000005,3.0
ORD0001733,18/01/2018,14:07:12,"[('wardrobe', 1), ('side_table', 1), ('sofa', 3), ('Chair', 2), ('Study_table', 4), ('Dining_table', 3), ('bed', 1)]",2527.3,large,-38.298429999999996,144.68483,0,2,Footscray,60.73,16.2585,1.0
ORD0021685,11/09/2021,19:44:50,"[('bed', 1), ('wardrobe', 1), ('Chair', 4), ('Study_table', 4), ('Dining_table', 3)]",1637.28,medium,-37.47562,144.75983,1,3,St. Kilda,42.62,28.1619,4.0
ORD0066134,31/08/2019,00:32:51,"[('bed', 4), ('Chair', 2), ('mattress', 3), ('sofa', 1), ('Dining_table', 2), ('Study_table', 4), ('wardrobe', 3), ('side_table', 1)]",4861.69,large,-38.44328,145.12576,1,4,Sunshine,72.47,7.1415000000000015,3.0
ORD0099521,28/11/2021,13:11:58,"[('Study_table', 4), ('bed', 4), ('sofa', 1), ('side_table', 3), ('mattress', 4)]",4189.42,medium,-38.0631,145.3332,0,4,Sunshine,46.17,5.9625,4.0
ORD0085463,22/08/2018,05:50:33,"[('side_table', 4), ('Dining_table', 2), ('Chair', 2), ('wardrobe', 2), ('bed', 1), ('Study_table', 1), ('mattress', 2), ('sofa', 2)]",3236.27,large,-38.04315,145.62306999999998,1,4,Sunshine,67.35,7.2495,3.0
ORD0018584,29/10/2020,13:28:42,"[('sofa', 4), ('Dining_table', 1), ('Study_table', 2), ('bed', 3), ('mattress', 4)]",4641.7,medium,-38.3396,144.54095,1,2,Footscray,71.06,18.8055,4.0
ORD0001884,13/03/2020,01:00:36,"[('Dining_table', 4), ('Study_table', 4), ('bed', 1), ('wardrobe', 3), ('sofa', 2)]",2632.86,medium,-37.531729999999996,145.10154,0,4,Sunshine,35.47,6.7905,2.0
ORD0029110,30/08/2020,04:03:01,"[('Chair', 3), ('Study_table', 3), ('side_table', 3), ('Dining_table', 1), ('mattress', 4), ('bed', 4)]",4155.1,medium,-38.32553,145.50767,0,4,Sunshine,77.18,6.655500000000001,3.0
ORD0010785,12/12/2019,06:29:42,"[('Dining_table', 3), ('Chair', 1), ('mattress', 3), ('side_table', 4), ('Study_table', 4)]",2318.97,medium,-38.130829999999996,145.30075,1,4,Sunshine,49.02,6.970500000000001,1.0
ORD0065135,15/09/2018,01:26:58,"[('sofa', 1), ('mattress', 1), ('Chair', 3), ('wardrobe', 4), ('bed', 2), ('Study_table', 4), ('side_table', 3), ('Dining_table', 4)]",3845.77,large,-37.7775,145.9107,0,4,Sunshine,87.8,6.9705,4.0
ORD0083780,10/01/2018,18:01:32,"[('side_table', 3), ('sofa', 3), ('mattress', 1), ('bed', 3), ('Study_table', 3), ('Chair', 3), ('Dining_table', 1), ('wardrobe', 1)]",3660.24,large,-37.55863,145.3512,0,4,Sunshine,47.89,6.493500000000001,1.0
ORD0090939,19/08/2021,20:15:48,"[('side_table', 4), ('wardrobe', 4), ('Study_table', 3)]",1543.45,small,-37.44437,144.93577,1,0,Clayton,41.72,16.173000000000002,3.0
ORD0035902,27/09/2018,06:33:35,"[('bed', 1), ('sofa', 4), ('Dining_table', 2), ('Chair', 4), ('side_table', 1)]",2365.75,medium,-38.09633,145.84378999999998,1,4,Sunshine,87.5,7.2405,4.0
ORD0024290,13/11/2018,19:44:33,"[('Study_table', 4), ('bed', 2), ('side_table', 4), ('Dining_table', 4)]",1689.84,small,-37.87538,145.97926999999999,0,4,Sunshine,93.92,7.0155,4.0
ORD0000163,01/02/2020,04:57:48,"[('Study_table', 3), ('sofa', 1), ('Dining_table', 2)]",774.58,small,-37.86098,144.57646,0,2,Footscray,37.21,16.3575,1.0
ORD0022323,12/07/2020,16:39:47,"[('wardrobe', 2), ('bed', 1), ('side_table', 4)]",1145.56,small,-38.49049,145.62311,1,4,Sunshine,97.61,5.6295,3.0
ORD0058744,20/06/2019,19:21:14,"[('bed', 4), ('side_table', 3), ('wardrobe', 2), ('Chair', 2)]",2419.77,small,-37.45619,145.18884,0,4,Sunshine,46.59,6.9705,3.0
ORD0084748,06/02/2021,10:53:33,"[('mattress', 2), ('bed', 2), ('sofa', 4), ('Study_table', 3), ('Dining_table', 1), ('wardrobe', 2)]",3953.39,medium,-38.01895,145.49821,1,4,Sunshine,56.23,5.8275000000000015,1.0
ORD0083892,10/01/2020,22:05:31,"[('Study_table', 4), ('sofa', 3), ('Dining_table', 4), ('bed', 2), ('side_table', 1), ('Chair', 3), ('mattress', 4)]",4710.5,large,-37.725609999999996,146.01742,0,4,Sunshine,97.61,5.3055,1.0
ORD0085114,08/09/2019,22:24:29,"[('mattress', 4), ('Dining_table', 2), ('bed', 3), ('Study_table', 4)]",3537.28,small,-37.46103,146.14065,0,4,Sunshine,115.03,6.700500000000001,4.0
ORD0025161,26/08/2018,20:32:10,"[('side_table', 4), ('Dining_table', 4), ('Study_table', 2)]",782.02,small,-38.33961,145.70786999999999,0,4,Sunshine,90.93,5.746500000000001,3.0
ORD0018240,25/05/2020,18:49:36,"[('side_table', 3), ('Dining_table', 2), ('Study_table', 2), ('Chair', 2), ('sofa', 4)]",2049.31,medium,-38.22635,146.14348999999999,1,4,Sunshine,117.2,7.3305,2.0
ORD0059929,11/05/2018,02:54:24,"[('Study_table', 4), ('Dining_table', 1), ('side_table', 2), ('bed', 3), ('wardrobe', 2), ('sofa', 3), ('Chair', 1)]",3314.69,large,-37.99345,145.21125,1,4,Sunshine,32.98,7.285500000000001,2.0
ORD0095126,25/03/2019,22:39:54,"[('sofa', 2), ('Chair', 1), ('wardrobe', 4), ('bed', 1), ('mattress', 4), ('side_table', 3)]",4312.07,medium,-37.675670000000004,144.51337,1,2,Footscray,44.93,18.1305,2.0
ORD0003366,28/10/2018,14:51:47,"[('mattress', 4), ('side_table', 4), ('sofa', 2), ('bed', 1), ('Dining_table', 1), ('wardrobe', 4), ('Chair', 4), ('Study_table', 4)]",5027.14,large,-37.6689,145.23261000000002,0,4,Sunshine,32.42,6.9525,4.0
ORD0075884,24/09/2021,12:56:31,"[('Dining_table', 4), ('bed', 1), ('sofa', 2), ('mattress', 3), ('side_table', 2), ('Study_table', 3), ('wardrobe', 1)]",3510.26,large,-38.14897,144.51904,1,2,Footscray,56.24,17.7615,4.0
ORD0068901,14/04/2019,15:42:41,"[('sofa', 3), ('Dining_table', 4), ('wardrobe', 4), ('mattress', 3)]",3997.72,small,-38.39642,146.03059,0,4,Sunshine,117.35,7.4025,2.0
ORD0084836,30/04/2021,23:15:38,"[('bed', 2), ('side_table', 4), ('mattress', 3), ('Study_table', 2), ('wardrobe', 1), ('Chair', 3), ('sofa', 4), ('Dining_table', 1)]",4537.99,large,-37.9517,145.41718999999998,1,4,Sunshine,46.88,6.0255,2.0
ORD0000182,06/08/2019,23:14:22,"[('Dining_table', 1), ('Study_table', 2), ('bed', 4), ('Chair', 1), ('wardrobe', 4), ('side_table', 2)]",3098.0,medium,-37.54523,145.11854,1,4,Sunshine,34.91,5.7105000000000015,3.0
ORD0088751,04/05/2020,13:47:11,"[('bed', 2), ('side_table', 3), ('Chair', 2), ('Dining_table', 2)]",1311.21,small,-38.45901,145.1728,1,4,Sunshine,75.3,5.9535,2.0
ORD0050001,11/09/2021,14:21:21,"[('bed', 4), ('side_table', 1), ('mattress', 4), ('Study_table', 2), ('sofa', 3), ('Dining_table', 2)]",4843.64,medium,-37.53283,145.32408,0,4,Sunshine,47.81,6.6735,4.0
ORD0074282,01/03/2018,00:33:46,"[('sofa', 2), ('wardrobe', 3), ('mattress', 3)]",2938.07,small,-37.47125,144.874,1,0,Clayton,39.53,17.595000000000006,2.0
ORD0049470,08/01/2018,05:40:00,"[('Dining_table', 1), ('Study_table', 3), ('Chair', 3), ('sofa', 1), ('mattress', 3)]",2345.95,medium,-37.71894,144.53976,1,2,Footscray,41.3,16.9065,1.0
ORD0026639,16/01/2019,21:22:26,"[('wardrobe', 3), ('sofa', 3), ('Dining_table', 3)]",2192.91,small,-37.417390000000005,145.00163999999998,0,4,Sunshine,44.74,5.845500000000001,1.0
ORD0004388,03/07/2021,03:08:00,"[('Study_table', 3), ('mattress', 3), ('sofa', 3), ('wardrobe', 2), ('Dining_table', 1), ('Chair', 3), ('bed', 4), ('side_table', 1)]",5166.4,large,-37.91515,145.38638999999998,0,4,Sunshine,43.11,5.9265,3.0
ORD0020812,19/02/2019,14:30:09,"[('side_table', 1), ('Study_table', 4), ('bed', 4), ('Dining_table', 1), ('mattress', 1), ('Chair', 3), ('sofa', 1), ('wardrobe', 1)]",3335.27,large,-37.82113,144.8168,0,2,Footscray,15.72,16.2135,1.0
ORD0087645,01/09/2021,11:25:16,"[('Dining_table', 3), ('Chair', 1), ('Study_table', 2), ('wardrobe', 2), ('mattress', 2), ('side_table', 2)]",2167.82,medium,-37.62364,144.58272,0,2,Footscray,41.78,18.2295,4.0
ORD0032967,07/12/2020,16:06:51,"[('wardrobe', 3), ('Dining_table', 2), ('Study_table', 3), ('sofa', 3), ('mattress', 1), ('Chair', 4), ('bed', 4)]",4654.91,large,-38.08171,145.82041,0,4,Sunshine,85.01,6.610500000000001,1.0
ORD0009823,05/08/2021,12:54:59,"[('wardrobe', 4), ('mattress', 1), ('side_table', 3), ('Study_table', 4), ('Dining_table', 3), ('sofa', 3), ('bed', 2)]",4147.59,large,-38.11684,145.47007,0,4,Sunshine,59.39,6.1965,3.0
ORD0012811,16/07/2020,07:03:22,"[('mattress', 4), ('wardrobe', 1), ('sofa', 4), ('side_table', 3), ('Chair', 3), ('Dining_table', 3), ('Study_table', 3), ('bed', 4)]",6014.1,large,-38.16277,146.17056000000002,1,4,Sunshine,116.89,6.4215,3.0
ORD0039920,09/10/2018,04:30:57,"[('sofa', 3), ('side_table', 1), ('mattress', 2)]",2010.64,small,-37.83789,145.33353,0,4,Sunshine,37.08,6.277500000000002,4.0
ORD0086338,12/10/2018,21:01:19,"[('Study_table', 3), ('sofa', 3), ('wardrobe', 1), ('side_table', 3), ('Dining_table', 3), ('bed', 3)]",3140.65,medium,-37.4797,145.09114,0,4,Sunshine,40.31,6.4035,4.0
ORD0041823,02/01/2020,08:10:59,"[('bed', 4), ('Study_table', 3), ('mattress', 4), ('wardrobe', 4), ('side_table', 4), ('sofa', 3), ('Chair', 3), ('Dining_table', 3)]",6570.32,large,-37.47318,145.88371999999998,0,4,Sunshine,93.51,5.7825000000000015,1.0
ORD0081623,02/02/2019,02:49:16,"[('Study_table', 4), ('side_table', 4), ('mattress', 4), ('Dining_table', 2), ('wardrobe', 1), ('Chair', 4), ('sofa', 4), ('bed', 1)]",4969.92,large,-37.50166,144.78759,1,3,St. Kilda,38.94,25.73399830077996,1.0
ORD0081321,13/03/2021,15:11:00,"[('sofa', 2), ('Study_table', 4), ('wardrobe', 2), ('Dining_table', 4), ('bed', 2)]",2732.86,medium,-38.16977,145.13265,1,4,Sunshine,44.06,7.4565,2.0
ORD0070798,10/08/2020,10:15:29,"[('sofa', 3), ('Dining_table', 3), ('Chair', 3), ('side_table', 3), ('mattress', 4), ('wardrobe', 1), ('Study_table', 2), ('bed', 3)]",5220.7,large,-38.015209999999996,145.20951000000002,1,4,Sunshine,34.38,5.5935,3.0
ORD0065981,30/09/2021,23:59:07,"[('sofa', 1), ('Chair', 4), ('Dining_table', 1)]",805.85,small,-38.47811,145.68514,0,4,Sunshine,100.13,7.2945,4.0
ORD0016788,19/11/2020,21:23:11,"[('side_table', 1), ('mattress', 4), ('bed', 1), ('sofa', 3), ('Study_table', 3), ('Chair', 1)]",3639.95,medium,-37.786640000000006,146.11948,1,4,Sunshine,106.09,6.655500000000001,4.0
ORD0059661,07/09/2021,13:29:10,"[('mattress', 3), ('Study_table', 3), ('Chair', 4), ('sofa', 1), ('side_table', 4), ('wardrobe', 4)]",3653.07,medium,-37.55037,145.102,1,4,Sunshine,33.68,6.3495,4.0
ORD0089435,29/11/2019,12:33:39,"[('sofa', 1), ('bed', 2), ('Dining_table', 1), ('wardrobe', 1), ('side_table', 4)]",1694.61,medium,-38.1528,144.72185,1,2,Footscray,45.02,17.590500000000002,4.0
ORD0071502,27/03/2018,15:12:19,"[('Dining_table', 3), ('Study_table', 3), ('side_table', 3), ('bed', 4), ('wardrobe', 3)]",3067.94,medium,-38.07566,144.63801999999998,0,2,Footscray,43.06,17.526535409582205,2.0
ORD0095312,06/11/2018,00:44:52,"[('Study_table', 1), ('mattress', 4), ('wardrobe', 4)]",3084.11,small,-37.98983,146.11422,0,4,Sunshine,107.25,6.0975,4.0
ORD0059119,25/09/2018,13:03:01,"[('Study_table', 2), ('sofa', 2), ('side_table', 1), ('bed', 3), ('wardrobe', 1), ('Dining_table', 2), ('mattress', 3)]",3933.04,large,-37.41628,144.56492,1,2,Footscray,57.91,17.680500000000006,4.0
ORD0023044,24/08/2020,12:01:53,"[('Chair', 1), ('bed', 3), ('Dining_table', 1), ('Study_table', 3), ('side_table', 4), ('wardrobe', 3)]",2606.05,medium,-38.39628,145.44848000000002,0,4,Sunshine,79.99,5.863500000000001,3.0
ORD0091292,19/05/2018,12:32:09,"[('Study_table', 1), ('mattress', 4), ('sofa', 2), ('bed', 4), ('wardrobe', 3), ('Chair', 2)]",5187.25,medium,-37.808009999999996,145.06528,1,4,Sunshine,13.44,6.3405000000000005,2.0
ORD0025095,07/10/2021,09:00:10,"[('side_table', 3), ('wardrobe', 1), ('sofa', 3), ('Study_table', 4), ('Chair', 3), ('Dining_table', 2), ('bed', 3)]",3370.68,large,-38.185790000000004,145.23574,0,4,Sunshine,50.16,7.3935,4.0
ORD0044010,15/12/2020,02:59:47,"[('Study_table', 3), ('mattress', 2), ('sofa', 2), ('wardrobe', 1), ('Chair', 3), ('Dining_table', 2), ('side_table', 1), ('bed', 4)]",4183.44,large,-38.45738,145.81171,1,4,Sunshine,106.35,5.4945,1.0
ORD0052272,05/06/2018,11:56:10,"[('wardrobe', 4), ('bed', 4), ('Dining_table', 3), ('mattress', 3), ('Chair', 4)]",4754.17,medium,-37.43512,144.7819,0,3,St. Kilda,45.9,26.415900000000004,3.0
ORD0072298,07/05/2021,14:35:11,"[('Chair', 4), ('side_table', 1), ('wardrobe', 3)]",1252.51,small,-38.162409999999994,144.53865,1,2,Footscray,56.01,17.8515,2.0
ORD0069479,01/08/2018,05:06:31,"[('sofa', 4), ('side_table', 1), ('mattress', 4)]",3292.35,small,-37.99007,145.8878,0,4,Sunshine,87.8,6.1515,3.0
ORD0033027,09/09/2021,18:15:30,"[('side_table', 3), ('mattress', 3), ('sofa', 1), ('Chair', 4), ('wardrobe', 1)]",2541.39,medium,-37.50134,146.17166,0,4,Sunshine,116.15,5.7105,4.0
ORD0076658,20/03/2021,12:15:42,"[('wardrobe', 4), ('Dining_table', 4), ('Study_table', 4), ('side_table', 3), ('Chair', 4), ('bed', 4), ('mattress', 4)]",5772.65,large,-38.13019,145.19988,0,4,Sunshine,43.3,6.0795,2.0
ORD0049537,31/01/2021,02:45:02,"[('mattress', 2), ('side_table', 4), ('bed', 1), ('wardrobe', 4), ('Chair', 4), ('sofa', 1), ('Study_table', 1)]",3419.9,large,-37.46092,146.12098999999998,1,4,Sunshine,113.4,5.674500000000001,1.0
ORD0076722,13/11/2019,12:09:50,"[('bed', 3), ('sofa', 4), ('Dining_table', 4)]",2941.96,small,-38.05816,145.03843,0,4,Sunshine,29.36,7.411499999999998,4.0
ORD0059821,11/09/2018,08:54:29,"[('wardrobe', 3), ('side_table', 4), ('Study_table', 1), ('Dining_table', 2)]",1336.67,small,-38.370909999999995,145.47596000000001,0,4,Sunshine,79.2,6.2505000000000015,4.0
ORD0044209,19/03/2018,05:14:29,"[('mattress', 1), ('Chair', 2), ('Study_table', 1), ('side_table', 1)]",771.45,small,-37.644009999999994,145.249,0,4,Sunshine,35.09,7.1865,2.0
ORD0031303,20/03/2018,08:57:22,"[('wardrobe', 4), ('sofa', 3), ('mattress', 3), ('Study_table', 2), ('Chair', 2), ('side_table', 2), ('Dining_table', 2), ('bed', 1)]",4582.8,large,-37.95852,144.85117,0,2,Footscray,20.8,17.62904151585544,2.0
ORD0042760,19/05/2021,15:22:09,"[('bed', 4), ('Study_table', 2), ('Dining_table', 1)]",1781.22,small,-38.27046,145.6657,1,4,Sunshine,83.26,5.7285,2.0
ORD0021860,04/05/2018,09:20:56,"[('side_table', 2), ('bed', 2), ('wardrobe', 4), ('Study_table', 2), ('Chair', 2), ('sofa', 2)]",2992.78,medium,-37.52644,145.68669,1,4,Sunshine,75.25,7.3935,2.0
ORD0089093,26/05/2021,15:00:19,"[('Study_table', 4), ('Chair', 4), ('Dining_table', 2), ('wardrobe', 2), ('mattress', 3), ('bed', 3), ('side_table', 2), ('sofa', 1)]",4426.2,large,-37.54691,144.92567,1,0,Clayton,30.46,16.713000000000005,2.0
ORD0099759,09/12/2020,19:35:40,"[('sofa', 2), ('Chair', 3), ('mattress', 3)]",2359.91,small,-37.603429999999996,145.62368999999998,1,4,Sunshine,66.78,6.1965,1.0
ORD0062306,04/12/2021,10:45:35,"[('Dining_table', 3), ('sofa', 3), ('Study_table', 4), ('mattress', 1), ('wardrobe', 4), ('bed', 2), ('side_table', 4), ('Chair', 3)]",4465.14,large,-38.105259999999994,144.72587,1,2,Footscray,40.44,16.753500000000006,1.0
ORD0024801,16/01/2020,03:29:47,"[('wardrobe', 2), ('Dining_table', 1), ('Study_table', 1), ('bed', 1), ('mattress', 2), ('Chair', 4), ('sofa', 4)]",3784.29,large,-37.64601,144.96753999999999,0,4,Sunshine,19.24,7.015500000000001,1.0
ORD0055345,12/07/2019,04:41:38,"[('mattress', 4), ('Chair', 3), ('Dining_table', 2)]",2371.16,small,-38.170320000000004,145.89738,0,4,Sunshine,94.99,6.2145,3.0
ORD0052073,03/02/2020,18:20:47,"[('side_table', 2), ('bed', 3), ('Study_table', 4), ('mattress', 4), ('Dining_table', 2), ('sofa', 4), ('Chair', 2)]",5173.54,large,-38.055609999999994,145.70913000000002,0,4,Sunshine,74.87,5.863500000000001,1.0
ORD0013683,18/06/2021,12:06:24,"[('bed', 3), ('side_table', 1), ('mattress', 1), ('sofa', 2), ('Dining_table', 2), ('Chair', 3), ('wardrobe', 1), ('Study_table', 1)]",3186.43,large,-38.4849,145.72561000000002,1,4,Sunshine,103.1,6.538500000000001,3.0
ORD0040423,19/01/2018,00:39:28,"[('sofa', 3), ('Dining_table', 3), ('mattress', 3), ('bed', 4), ('Study_table', 2), ('Chair', 3), ('side_table', 3)]",4849.59,large,-37.67429,144.67477,1,2,Footscray,31.96,17.320500000000006,1.0
ORD0095915,01/08/2018,00:52:03,"[('Dining_table', 3), ('Study_table', 2), ('mattress', 2), ('wardrobe', 4), ('Chair', 2)]",2720.96,medium,-37.41315,145.87801000000002,1,4,Sunshine,95.99,6.2235000000000005,3.0
ORD0090582,24/08/2020,10:55:39,"[('mattress', 1), ('sofa', 3), ('Dining_table', 3), ('wardrobe', 4)]",2945.94,small,-37.717040000000004,145.44111999999998,0,4,Sunshine,47.69,6.6915,3.0
ORD0018813,25/11/2018,05:51:31,"[('wardrobe', 2), ('Chair', 4), ('mattress', 4), ('side_table', 4)]",3004.88,small,-37.93393,145.67435,1,4,Sunshine,68.2,6.655500000000001,4.0
ORD0084988,07/11/2019,17:53:25,"[('Dining_table', 1), ('bed', 2), ('Chair', 2), ('wardrobe', 2), ('Study_table', 1), ('side_table', 2), ('mattress', 2)]",2729.75,large,-38.42173,145.77986,1,4,Sunshine,101.64,7.1505,4.0
ORD0093582,23/01/2020,20:13:12,"[('mattress', 3), ('Chair', 1), ('wardrobe', 4), ('sofa', 1), ('side_table', 2), ('Study_table', 3)]",3285.57,medium,-37.7974,145.87968999999998,1,4,Sunshine,84.99,6.448500000000001,1.0
ORD0080499,06/02/2021,13:05:13,"[('Chair', 4), ('mattress', 1), ('sofa', 3)]",1846.38,small,-37.89192,144.46003000000002,1,2,Footscray,47.87,16.177500000000002,1.0
ORD0063903,04/01/2020,13:01:35,"[('sofa', 2), ('bed', 2), ('Chair', 1), ('mattress', 3), ('side_table', 1), ('wardrobe', 3)]",3841.06,medium,-37.89164,144.97566,0,4,Sunshine,10.31,6.124511647271685,1.0
ORD0099200,02/08/2018,03:04:34,"[('Dining_table', 1), ('side_table', 1), ('mattress', 2), ('Chair', 4), ('sofa', 1)]",1798.02,medium,-37.87478,146.1051,1,4,Sunshine,104.94,6.6915,3.0
ORD0059952,11/02/2020,17:03:27,"[('side_table', 1), ('mattress', 2), ('Study_table', 1), ('bed', 4), ('wardrobe', 1)]",2873.76,medium,-38.02619,146.08567,0,4,Sunshine,105.59,5.584500000000001,1.0
ORD0049360,21/12/2019,17:09:49,"[('wardrobe', 1), ('bed', 1), ('Chair', 1)]",753.04,small,-38.40872,145.41647,0,4,Sunshine,79.53,6.610500000000001,1.0
ORD0042656,01/03/2019,19:27:00,"[('side_table', 4), ('Chair', 1), ('Study_table', 2), ('wardrobe', 3), ('bed', 4), ('sofa', 2), ('mattress', 1), ('Dining_table', 3)]",4285.19,large,-37.833290000000005,145.76657,1,4,Sunshine,75.05,6.6375,2.0
ORD0066809,05/08/2019,18:04:01,"[('wardrobe', 3), ('Study_table', 2), ('side_table', 4), ('mattress', 1), ('sofa', 3), ('Dining_table', 3), ('Chair', 3)]",3275.4,large,-38.414229999999996,144.78433,0,2,Footscray,69.68,18.1215,3.0
ORD0056589,22/02/2020,00:03:16,"[('bed', 1), ('Dining_table', 2), ('Study_table', 2), ('side_table', 3), ('sofa', 1), ('wardrobe', 2), ('Chair', 3), ('mattress', 4)]",3950.24,large,-37.648270000000004,145.85315,0,4,Sunshine,84.74,5.773500000000001,1.0
ORD0007831,13/03/2021,21:32:37,"[('mattress', 3), ('Study_table', 3), ('Dining_table', 3), ('bed', 4), ('sofa', 4), ('side_table', 2), ('Chair', 2), ('wardrobe', 1)]",5403.84,large,-38.18977,144.85654,0,2,Footscray,43.94,19.129500000000004,2.0
ORD0073093,26/02/2018,07:12:00,"[('side_table', 2), ('sofa', 3), ('wardrobe', 3), ('Dining_table', 3)]",2292.81,small,-38.15378,146.10966000000002,0,4,Sunshine,111.53,5.485500000000001,1.0
ORD0039079,12/04/2020,11:53:34,"[('side_table', 2), ('wardrobe', 1), ('bed', 1)]",763.74,small,-37.74715,146.11439,1,4,Sunshine,105.88,5.7735,2.0
ORD0075839,03/12/2021,11:38:11,"[('wardrobe', 1), ('mattress', 3), ('side_table', 4)]",1895.05,small,-37.72815,145.43595,0,4,Sunshine,46.98,6.943500000000001,1.0
ORD0094088,30/10/2019,20:05:15,"[('Study_table', 3), ('side_table', 4), ('mattress', 4), ('bed', 2), ('Chair', 2), ('wardrobe', 1), ('Dining_table', 4)]",3962.61,large,-37.927479999999996,144.68363,0,2,Footscray,30.31,19.0845,4.0
ORD0020941,18/01/2018,00:43:23,"[('sofa', 2), ('mattress', 2), ('Chair', 4), ('Study_table', 3), ('side_table', 4), ('bed', 2), ('wardrobe', 3)]",4003.37,large,-37.41687,144.70944,1,3,St. Kilda,50.47,24.5619,1.0
ORD0090701,22/08/2018,18:08:30,"[('mattress', 1), ('Chair', 2), ('sofa', 3), ('Dining_table', 1), ('wardrobe', 4), ('Study_table', 4), ('bed', 3)]",4338.94,large,-38.13335,145.80911,1,4,Sunshine,86.26,6.3585,3.0
ORD0098345,05/06/2020,14:16:19,"[('Study_table', 3), ('Dining_table', 2), ('wardrobe', 1), ('bed', 3), ('sofa', 3), ('Chair', 4), ('mattress', 2)]",4180.26,large,-38.17661,144.62724,1,2,Footscray,51.98,18.2385,3.0
ORD0098592,04/09/2018,04:55:12,"[('side_table', 2), ('sofa', 2), ('Chair', 3), ('mattress', 4), ('wardrobe', 4), ('Dining_table', 3)]",4387.28,medium,-37.63947,145.20227,0,4,Sunshine,32.0,6.7185,4.0
ORD0080825,13/09/2018,16:42:50,"[('bed', 4), ('Study_table', 2), ('Chair', 3)]",1939.26,small,-38.208059999999996,145.9528,0,4,Sunshine,101.15,6.6645,4.0
ORD0045273,20/10/2020,22:06:16,"[('bed', 2), ('side_table', 2), ('sofa', 3), ('Chair', 3)]",2149.81,small,-37.99037,145.39087,1,4,Sunshine,46.35,5.8095,4.0
ORD0009048,08/02/2019,10:47:23,"[('side_table', 1), ('bed', 4), ('Dining_table', 2), ('mattress', 1), ('Chair', 2), ('wardrobe', 3), ('sofa', 1)]",3631.51,large,-37.63155,145.57498,1,4,Sunshine,61.68,6.034500000000001,1.0
ORD0096393,11/05/2019,19:34:04,"[('side_table', 3), ('Dining_table', 1), ('wardrobe', 4), ('Study_table', 3)]",1603.06,small,-38.44644,145.27376,0,4,Sunshine,77.15,6.6375,2.0
ORD0030871,25/05/2019,04:39:44,"[('side_table', 2), ('sofa', 3), ('bed', 1), ('wardrobe', 4), ('mattress', 4), ('Chair', 2), ('Dining_table', 2), ('Study_table', 3)]",5125.9,large,-37.45603,145.21328,1,4,Sunshine,47.76,6.8805,2.0
ORD0053443,16/04/2020,14:21:11,"[('Dining_table', 4), ('wardrobe', 2), ('sofa', 4)]",2360.04,small,-38.104890000000005,145.74683000000002,0,4,Sunshine,80.0,6.0795,2.0
ORD0044864,20/06/2019,05:34:46,"[('sofa', 3), ('Chair', 2), ('wardrobe', 4), ('side_table', 4), ('mattress', 1), ('Study_table', 1), ('Dining_table', 4), ('bed', 3)]",4651.45,large,-37.57588,145.13822,0,4,Sunshine,33.05,6.8805000000000005,3.0
ORD0065577,28/07/2019,12:27:14,"[('wardrobe', 2), ('mattress', 2), ('Study_table', 4), ('bed', 2), ('Dining_table', 4), ('side_table', 2)]",3096.0,medium,-38.18313,144.54593,0,2,Footscray,57.2,17.4465,3.0
ORD0077795,18/12/2020,16:33:15,"[('Chair', 4), ('bed', 2), ('side_table', 1), ('Dining_table', 3), ('mattress', 2), ('sofa', 4), ('wardrobe', 3)]",4645.21,large,-38.12017,145.11023,0,4,Sunshine,38.25,5.251500000000001,1.0
ORD0046660,23/04/2021,18:46:23,"[('wardrobe', 3), ('side_table', 1), ('Dining_table', 4), ('mattress', 4)]",3218.39,small,-38.498059999999995,145.7034,1,4,Sunshine,102.84,7.285500000000001,2.0
ORD0092369,13/02/2019,14:53:13,"[('Dining_table', 3), ('side_table', 1), ('bed', 3), ('sofa', 3), ('wardrobe', 2), ('mattress', 3)]",4520.03,medium,-37.70615,144.59372,0,2,Footscray,37.14,16.222500000000004,1.0
ORD0076002,22/07/2020,21:46:24,"[('Study_table', 1), ('side_table', 1), ('Chair', 3), ('wardrobe', 3), ('mattress', 4)]",3119.74,medium,-37.709990000000005,145.86231999999998,0,4,Sunshine,84.28,6.8805000000000005,3.0
ORD0089711,09/04/2018,13:28:50,"[('sofa', 3), ('Study_table', 4), ('wardrobe', 1), ('Chair', 3), ('mattress', 2), ('Dining_table', 4), ('side_table', 1)]",3286.36,large,-37.72888,144.53237,0,2,Footscray,41.67,18.5445,2.0
ORD0076330,29/12/2020,08:45:22,"[('Dining_table', 2), ('Chair', 3), ('wardrobe', 3), ('Study_table', 2)]",1476.46,small,-38.380590000000005,145.53703000000002,1,4,Sunshine,83.44,6.5475,1.0
ORD0050754,17/11/2020,05:17:22,"[('bed', 1), ('Dining_table', 1), ('sofa', 4), ('side_table', 3), ('Study_table', 4), ('mattress', 3), ('Chair', 1), ('wardrobe', 4)]",4917.46,large,-38.12659,145.71831,1,4,Sunshine,78.75,6.664868402193836,4.0
ORD0081399,25/11/2018,20:28:45,"[('Study_table', 1), ('sofa', 3), ('mattress', 1)]",1561.57,small,-37.7414,144.69244,1,2,Footscray,27.68,18.751500000000004,4.0
ORD0023758,21/05/2019,08:10:03,"[('mattress', 3), ('sofa', 4), ('Dining_table', 1), ('wardrobe', 2), ('Study_table', 1), ('Chair', 1), ('side_table', 4), ('bed', 2)]",4569.52,large,-38.14591,144.92646000000002,1,2,Footscray,37.84,18.2565,2.0
ORD0068007,02/06/2020,06:14:00,"[('Chair', 2), ('wardrobe', 2), ('sofa', 4), ('mattress', 4), ('bed', 1)]",4366.56,medium,-37.97159,146.13016000000002,0,4,Sunshine,108.29,5.746500000000001,3.0
ORD0081555,06/05/2021,02:38:37,"[('Study_table', 4), ('side_table', 2), ('bed', 2)]",1151.7,small,-37.75043,145.28947,0,4,Sunshine,33.86,6.6915,2.0
ORD0088424,09/04/2019,14:49:10,"[('mattress', 2), ('Dining_table', 4), ('side_table', 2), ('Study_table', 3)]",1696.33,small,-37.5638,145.59205,0,4,Sunshine,65.93,7.4745,2.0
ORD0029106,26/06/2019,07:32:36,"[('side_table', 1), ('Dining_table', 4), ('mattress', 1)]",959.3,small,-37.5364,146.06839,0,4,Sunshine,106.29,5.719500000000001,3.0
ORD0034318,19/03/2019,03:48:25,"[('wardrobe', 1), ('Chair', 1), ('side_table', 2), ('Dining_table', 3), ('bed', 4), ('sofa', 4), ('Study_table', 2)]",3829.32,large,-38.050740000000005,145.25064,0,4,Sunshine,39.69,6.3065376026111455,2.0
ORD0024163,27/12/2020,08:16:51,"[('bed', 2), ('mattress', 2), ('sofa', 2)]",2385.04,small,-38.05283,145.47432,0,4,Sunshine,56.0,6.493500000000001,1.0
ORD0062603,24/06/2019,00:00:36,"[('wardrobe', 1), ('bed', 4), ('sofa', 1)]",2149.09,small,-38.08226,145.04166999999998,1,4,Sunshine,31.96,6.4575000000000005,3.0
ORD0071198,11/12/2018,16:30:37,"[('mattress', 3), ('Study_table', 1), ('wardrobe', 1), ('sofa', 1), ('Dining_table', 4)]",2544.97,medium,-37.98662,145.19838000000001,1,4,Sunshine,31.62,5.575500000000001,1.0
ORD0061664,24/08/2020,12:48:27,"[('Study_table', 2), ('Dining_table', 3), ('wardrobe', 2), ('Chair', 1), ('sofa', 2), ('bed', 1)]",2186.6,medium,-37.82658,144.49927,0,2,Footscray,43.6,18.445500000000006,3.0
ORD0053078,20/03/2018,19:44:26,"[('Dining_table', 3), ('side_table', 4), ('wardrobe', 3), ('mattress', 2), ('Chair', 3), ('bed', 2)]",3347.9,medium,-37.4055,145.12589,1,4,Sunshine,49.11,5.8455,2.0
ORD0037929,04/06/2021,22:04:32,"[('Chair', 2), ('bed', 4), ('side_table', 2)]",1805.98,small,-37.87874,145.97856000000002,0,4,Sunshine,93.89,6.700500000000001,3.0
ORD0028291,27/09/2021,16:05:50,"[('side_table', 1), ('Chair', 1), ('Study_table', 1)]",211.14,small,-37.76423,146.05333000000002,0,4,Sunshine,100.4,6.9705,4.0
ORD0044174,16/11/2018,17:49:40,"[('Study_table', 1), ('mattress', 1), ('sofa', 3)]",1561.57,small,-38.34267,145.97038999999998,1,4,Sunshine,109.71,6.9705,4.0
ORD0052774,23/09/2021,15:40:21,"[('wardrobe', 3), ('Chair', 4), ('sofa', 4), ('Dining_table', 2), ('mattress', 2), ('Study_table', 3), ('bed', 2), ('side_table', 4)]",4901.47,large,-37.451640000000005,145.83248,0,4,Sunshine,90.45,7.1775,4.0
ORD0044515,08/10/2018,17:52:58,"[('Study_table', 1), ('Dining_table', 2), ('Chair', 4), ('wardrobe', 4), ('mattress', 2), ('bed', 2)]",3481.65,medium,-37.94959,144.6106,1,2,Footscray,37.16,19.192500000000006,4.0
ORD0050786,01/09/2020,07:27:55,"[('Dining_table', 3), ('bed', 1), ('wardrobe', 1)]",992.52,small,-38.2504,145.05136000000002,1,4,Sunshine,50.08,5.7735,4.0
ORD0039628,04/02/2020,05:32:10,"[('side_table', 1), ('Study_table', 1), ('bed', 3), ('Dining_table', 3), ('wardrobe', 3), ('mattress', 4), ('Chair', 3), ('sofa', 3)]",5612.65,large,-37.54517,145.33784,1,4,Sunshine,47.87,6.205500000000002,1.0
ORD0034247,09/02/2018,11:34:07,"[('side_table', 3), ('Chair', 1), ('mattress', 3)]",1652.38,small,-38.29676,145.55845,0,4,Sunshine,78.01,5.998500000000001,1.0
ORD0029212,03/10/2020,05:41:21,"[('mattress', 2), ('side_table', 1), ('Chair', 4), ('Study_table', 4), ('wardrobe', 2), ('sofa', 1)]",2540.26,medium,-38.44017,146.11883999999998,0,4,Sunshine,126.45,6.7635000000000005,4.0
ORD0072649,09/01/2019,05:20:11,"[('side_table', 1), ('sofa', 1), ('Chair', 4), ('wardrobe', 3), ('mattress', 2), ('Study_table', 3), ('Dining_table', 3)]",3078.87,large,-37.94684,145.35655,0,4,Sunshine,41.7,5.4495000000000005,1.0
ORD0045042,27/08/2020,02:59:17,"[('Study_table', 2), ('Chair', 4), ('sofa', 3), ('mattress', 1), ('wardrobe', 1), ('bed', 1), ('side_table', 4)]",2854.0,large,-38.22382,145.80098,1,4,Sunshine,90.22,5.5665,3.0
ORD0054939,15/09/2018,11:02:52,"[('bed', 3), ('wardrobe', 2), ('side_table', 3), ('Chair', 2), ('Dining_table', 3), ('sofa', 1), ('mattress', 1), ('Study_table', 3)]",3393.1,large,-37.71825,145.7947,1,4,Sunshine,78.27,7.4834999999999985,4.0
ORD0076246,03/04/2019,04:45:31,"[('Chair', 4), ('mattress', 1), ('side_table', 4)]",1027.71,small,-38.46615,145.09315,1,4,Sunshine,74.27,5.7105,2.0
ORD0051819,01/07/2020,03:46:43,"[('Study_table', 3), ('bed', 4), ('sofa', 3), ('side_table', 3)]",2911.97,small,-37.510059999999996,145.19952,0,4,Sunshine,42.15,6.4935,3.0
ORD0013220,10/02/2018,01:00:37,"[('wardrobe', 1), ('Chair', 1), ('Dining_table', 3), ('Study_table', 4), ('mattress', 4), ('sofa', 3), ('side_table', 3), ('bed', 1)]",4422.44,large,-37.78046,145.14655,0,4,Sunshine,20.89,5.3055,1.0
ORD0030069,11/02/2021,06:30:33,"[('mattress', 1), ('side_table', 4), ('wardrobe', 1), ('Dining_table', 1), ('sofa', 1), ('bed', 4), ('Study_table', 2), ('Chair', 1)]",3162.74,large,-37.45967,145.37033,0,4,Sunshine,56.33,6.817500000000001,1.0
ORD0090281,17/06/2019,12:24:17,"[('sofa', 3), ('wardrobe', 2), ('Study_table', 4), ('mattress', 4)]",3754.71,small,-37.85055,145.26478999999998,0,4,Sunshine,31.21,6.3315,3.0
ORD0061011,30/09/2021,21:41:52,"[('side_table', 1), ('Study_table', 4), ('wardrobe', 1), ('bed', 1), ('sofa', 3), ('Dining_table', 4), ('mattress', 2)]",3400.68,large,-37.72773,144.66926,0,2,Footscray,30.08,18.4095,4.0
ORD0047723,20/10/2020,06:29:50,"[('Study_table', 2), ('Dining_table', 2), ('Chair', 3), ('mattress', 4), ('sofa', 1), ('bed', 2), ('wardrobe', 4), ('side_table', 1)]",4796.1,large,-37.54688,145.55976,0,4,Sunshine,64.21,7.204500000000001,4.0
ORD0077566,18/11/2021,17:49:29,"[('Study_table', 2), ('bed', 2), ('side_table', 4), ('wardrobe', 3), ('Dining_table', 1), ('sofa', 3), ('mattress', 2), ('Chair', 1)]",4112.83,large,-38.166470000000004,146.02175,1,4,Sunshine,104.83,6.2685,4.0
ORD0045940,26/09/2021,09:46:44,"[('Chair', 1), ('Dining_table', 4), ('Study_table', 2), ('side_table', 1), ('bed', 2), ('wardrobe', 2)]",2049.05,medium,-37.596309999999995,144.5221,1,2,Footscray,47.93,18.421655028647866,4.0
ORD0000541,17/02/2021,08:12:35,"[('sofa', 3), ('wardrobe', 3), ('Study_table', 4), ('mattress', 1), ('Dining_table', 1)]",2732.86,medium,-37.6297,145.73946,1,4,Sunshine,75.55,5.467500000000001,1.0
ORD0078124,21/12/2020,15:22:22,"[('bed', 2), ('Chair', 3), ('side_table', 3), ('wardrobe', 1), ('Study_table', 4), ('sofa', 3), ('Dining_table', 2), ('mattress', 1)]",3459.87,large,-38.19205,144.90071,1,2,Footscray,43.28,17.6625,1.0
ORD0083685,07/05/2018,14:16:33,"[('mattress', 1), ('side_table', 1), ('Dining_table', 1), ('Study_table', 4), ('sofa', 4), ('bed', 2), ('Chair', 4), ('wardrobe', 2)]",3961.02,large,-38.07547,145.42311999999998,1,4,Sunshine,53.42,5.7105,2.0
ORD0059067,22/01/2018,22:53:12,"[('bed', 4), ('Chair', 2), ('Study_table', 3), ('side_table', 3)]",2071.9,small,-38.06994,145.90136,0,4,Sunshine,91.28,5.6835,1.0
ORD0046045,13/09/2021,05:56:44,"[('Chair', 1), ('mattress', 1), ('bed', 1), ('wardrobe', 4)]",2069.91,small,-38.266090000000005,144.80059,1,2,Footscray,53.5,17.932500000000005,4.0
ORD0024433,17/04/2019,07:42:09,"[('wardrobe', 3), ('side_table', 1), ('Dining_table', 2), ('Study_table', 2), ('sofa', 3)]",2277.28,medium,-38.318290000000005,145.25533000000001,1,4,Sunshine,63.65,6.5475,2.0
ORD0050434,14/04/2019,22:14:34,"[('bed', 1), ('side_table', 4), ('Dining_table', 1), ('Chair', 3), ('Study_table', 3), ('mattress', 2)]",2117.07,medium,-37.631679999999996,145.25262,1,4,Sunshine,36.11,7.4565,2.0
ORD0046870,22/08/2018,22:22:27,"[('Study_table', 2), ('Chair', 2), ('bed', 1), ('sofa', 4), ('Dining_table', 3), ('mattress', 1), ('wardrobe', 1), ('side_table', 1)]",3193.92,large,-37.976290000000006,145.60457,1,4,Sunshine,63.37,6.232500000000001,3.0
ORD0033268,22/08/2021,12:41:26,"[('side_table', 2), ('sofa', 4), ('Dining_table', 2), ('mattress', 1), ('Chair', 1), ('bed', 3), ('Study_table', 4), ('wardrobe', 1)]",3952.93,large,-37.44826,144.49327,0,2,Footscray,59.77,17.347500000000004,3.0
ORD0053679,09/04/2020,16:18:42,"[('Study_table', 3), ('Chair', 1), ('side_table', 1), ('wardrobe', 1), ('Dining_table', 2)]",856.16,medium,-37.44406,145.54295,1,4,Sunshine,69.07,7.4655,2.0
ORD0013043,24/10/2021,08:04:18,"[('mattress', 2), ('side_table', 4), ('Dining_table', 2), ('sofa', 2)]",2040.12,small,-37.96515,145.80366999999998,1,4,Sunshine,80.0,7.1595,4.0
ORD0031969,03/03/2021,11:34:24,"[('Chair', 2), ('side_table', 4), ('sofa', 3), ('bed', 3), ('wardrobe', 3)]",3388.19,medium,-37.48189,144.69676,0,2,Footscray,44.96,18.6165,2.0
ORD0005355,14/08/2018,11:36:04,"[('Study_table', 4), ('Dining_table', 1), ('sofa', 1), ('Chair', 2), ('bed', 4), ('wardrobe', 3)]",3288.85,medium,-38.16024,145.76626000000002,1,4,Sunshine,84.17,6.2865,3.0
ORD0039657,28/08/2020,18:20:30,"[('mattress', 3), ('Dining_table', 2), ('wardrobe', 2), ('Chair', 4), ('side_table', 3)]",2702.94,medium,-38.26365,145.61754,0,4,Sunshine,79.48,7.060500000000001,3.0
ORD0064225,29/06/2021,14:48:20,"[('side_table', 1), ('Chair', 1), ('mattress', 2), ('sofa', 3)]",2099.84,small,-38.37509,144.59911,1,2,Footscray,71.76,18.841500000000003,3.0
ORD0095203,27/11/2020,19:48:25,"[('wardrobe', 4), ('mattress', 4), ('Chair', 4), ('Dining_table', 3)]",3697.6,small,-38.14177,145.8503,1,4,Sunshine,89.94,7.4834999999999985,4.0
ORD0046565,04/12/2019,18:56:34,"[('Dining_table', 1), ('wardrobe', 2), ('sofa', 4), ('bed', 2), ('side_table', 2), ('Study_table', 2), ('Chair', 3)]",3306.68,large,-38.478359999999995,145.88577,0,4,Sunshine,112.73,5.530500000000001,1.0
ORD0043351,30/11/2018,22:05:42,"[('Chair', 3), ('Study_table', 3), ('side_table', 2), ('bed', 2), ('wardrobe', 4), ('sofa', 4), ('mattress', 3), ('Dining_table', 4)]",5684.52,large,-37.4988,144.75574,1,2,Footscray,40.52,18.112500000000004,4.0
ORD0059040,01/10/2020,00:26:47,"[('bed', 1), ('Chair', 2), ('Dining_table', 2), ('sofa', 1), ('side_table', 4), ('mattress', 1), ('wardrobe', 3)]",2635.6,large,-38.258179999999996,144.53241,1,2,Footscray,64.24,18.787500000000005,4.0
ORD0091291,02/02/2020,05:16:20,"[('side_table', 3), ('bed', 3), ('mattress', 2), ('Study_table', 3)]",2453.8,small,-38.06446,146.06528,0,4,Sunshine,104.87,5.7825000000000015,1.0
ORD0082577,15/02/2020,20:28:02,"[('Study_table', 4), ('sofa', 3), ('bed', 2), ('mattress', 2), ('Chair', 1), ('wardrobe', 3), ('side_table', 4)]",4147.25,large,-37.54197,145.89505,0,4,Sunshine,91.59,5.629500000000001,1.0
ORD0029753,04/06/2021,19:11:44,"[('Study_table', 2), ('Dining_table', 2), ('side_table', 2), ('wardrobe', 1), ('bed', 1)]",1126.84,medium,-37.54305,144.51108,0,2,Footscray,51.93,17.923500000000004,3.0
ORD0007934,29/08/2021,11:03:13,"[('Chair', 2), ('mattress', 4), ('wardrobe', 1), ('bed', 1), ('sofa', 4), ('Dining_table', 3), ('Study_table', 4)]",4701.28,large,-38.1504,145.52201000000002,1,4,Sunshine,65.25,5.6205,3.0
ORD0086102,10/06/2019,13:44:21,"[('Study_table', 3), ('side_table', 2), ('Chair', 4), ('sofa', 3), ('Dining_table', 1), ('mattress', 1), ('wardrobe', 3), ('bed', 2)]",3881.41,large,-37.55545,145.98343,1,4,Sunshine,98.51,6.9705,3.0
ORD0007439,12/01/2021,06:08:05,"[('bed', 3), ('side_table', 2), ('Study_table', 1)]",1317.65,small,-37.5959,144.93958,0,0,Clayton,24.9,15.687000000000001,1.0
ORD0058105,30/08/2020,04:10:07,"[('sofa', 3), ('Study_table', 2), ('side_table', 3), ('wardrobe', 3), ('Dining_table', 3), ('mattress', 2), ('bed', 2), ('Chair', 3)]",4460.4,large,-37.437540000000006,145.29859,1,4,Sunshine,53.89,6.9075000000000015,3.0
ORD0023487,22/08/2019,03:59:01,"[('Dining_table', 2), ('Chair', 2), ('mattress', 2), ('side_table', 2)]",1439.64,small,-37.702090000000005,144.51906,1,2,Footscray,43.55,17.536500000000004,3.0
ORD0038346,23/09/2018,05:56:19,"[('bed', 2), ('mattress', 1), ('Study_table', 4), ('Dining_table', 4), ('side_table', 1)]",2011.1,medium,-38.42415,144.55083,0,2,Footscray,78.58,18.481500000000004,4.0
ORD0063157,11/06/2019,13:54:01,"[('wardrobe', 4), ('mattress', 2), ('side_table', 1), ('Dining_table', 4), ('bed', 4), ('Chair', 4), ('sofa', 4), ('Study_table', 3)]",6016.5,large,-38.20582,144.4857,0,2,Footscray,62.69,17.086500000000004,3.0
ORD0076799,14/12/2019,09:22:31,"[('mattress', 2), ('Dining_table', 2), ('bed', 1), ('sofa', 4)]",2901.22,small,-38.1133,145.67565,1,4,Sunshine,74.75,5.251500000000001,1.0
ORD0078566,02/01/2021,18:03:48,"[('side_table', 2), ('sofa', 2), ('bed', 4), ('Dining_table', 3), ('Study_table', 1), ('wardrobe', 4), ('mattress', 1)]",4306.02,large,-37.692440000000005,145.43433000000002,0,4,Sunshine,47.81,5.971500000000002,1.0
ORD0045422,30/08/2019,19:28:22,"[('sofa', 1), ('mattress', 2), ('Dining_table', 1), ('Chair', 2), ('Study_table', 1), ('side_table', 1)]",1691.61,medium,-38.04913,144.87536,0,2,Footscray,28.59,18.3825,3.0
ORD0039405,13/11/2018,14:59:31,"[('Dining_table', 3), ('bed', 2), ('wardrobe', 4), ('mattress', 2), ('Study_table', 1), ('sofa', 3), ('Chair', 3), ('side_table', 3)]",4670.33,large,-37.410920000000004,146.18501,0,4,Sunshine,120.69,7.060500000000001,4.0
ORD0017933,10/01/2018,17:34:38,"[('Dining_table', 4), ('mattress', 4), ('side_table', 2), ('Chair', 4), ('Study_table', 3), ('wardrobe', 3), ('sofa', 3)]",4859.58,large,-38.20852,145.16896,1,4,Sunshine,49.34,5.4945,1.0
ORD0002045,03/03/2018,12:27:01,"[('mattress', 1), ('bed', 4), ('wardrobe', 3), ('Dining_table', 1), ('Chair', 1), ('Study_table', 3), ('side_table', 2)]",3359.18,large,-38.02406,144.80784,0,2,Footscray,28.93,17.5995,2.0
ORD0062246,25/04/2019,02:34:10,"[('mattress', 2), ('Study_table', 3), ('wardrobe', 3), ('Chair', 2), ('side_table', 2), ('bed', 4)]",3809.93,medium,-38.37935,145.16272,0,4,Sunshine,66.62,6.3584999999999985,2.0
